"","ASVs","baseMean","log2FoldChange","lfcSE","pvalue","padj"
"1","Moraxella",242.263073222665,-9.05138873696954e-06,0.00144270849171904,9.53996638791036e-07,0.000130697539514372
