feature	metadata	value	coef	stderr	N	N.not.0	pval	qval
Lautropia	visit12m_azm	visit12m_azm	0.72411792626271	0.124721107498405	875	723	1.06302317814875e-08	1.03325852916058e-05
F0058	visit12m_azm	visit12m_azm	0.361936891205989	0.0734789043966061	875	152	1.09553891335272e-06	0.00053243191188942
Veillonella	visit12m_azm	visit12m_azm	0.365497748131279	0.0898845245182605	875	835	5.46060293258353e-05	0.0106154121009424
Rothia	visit12m_azm	visit12m_azm	0.443572834562855	0.10788888261704	875	739	4.51427010079328e-05	0.0106154121009424
ASV_428	acut_exac12m	yes	0.0434049940801168	0.0104534557872284	875	8	3.61774860468041e-05	0.0106154121009424
Treponema	visit12m_azm	visit12m_azm	-0.484673279319122	0.121601401808531	875	260	7.60278292930078e-05	0.0123165083454673
Aggregatibacter	visit12m_azm	visit12m_azm	-0.405392853516287	0.109410008028132	875	532	0.000231883730969927	0.0321987123575384
