"","ASVs","baseMean","log2FoldChange","lfcSE","pvalue","padj"
"1","Lautropia",149.327403040959,-1.42171783386734,0.346537394006783,1.43691195279315e-06,0.000211226057060593
