"","ASVs","baseMean","log2FoldChange","lfcSE","pvalue","padj"
"1","Moraxella",231.489242982468,-2.41793302882495,0.587540503071333,3.82011831433429e-05,0.00519536090749463
