feature	metadata	value	coef	stderr	N	N.not.0	pval	qval
Lautropia	visit12m_azm	visit12m_azm	0.731045773621099	0.124768113928675	875	723	7.86525901780406e-09	7.64503176530555e-06
ASV_428	hospitalised12m	yes	0.120123341446249	0.0224882156795564	875	8	1.17747393333386e-07	5.72252331600257e-05
F0058	visit12m_azm	visit12m_azm	0.363119168978245	0.0735387862753695	875	152	1.03286882655058e-06	0.000334649499802387
Rothia	visit12m_azm	visit12m_azm	0.45200943560253	0.107854731888921	875	739	3.22151471167323e-05	0.00782828074936594
Veillonella	visit12m_azm	visit12m_azm	0.369588951366631	0.0898748433609232	875	835	4.50491643300397e-05	0.00875755754575972
Treponema	visit12m_azm	visit12m_azm	-0.488608478531304	0.121599199629181	875	260	6.65373870017183e-05	0.0107790566942784
Aggregatibacter	visit12m_azm	visit12m_azm	-0.399595598271185	0.109443755095475	875	532	0.000285289172247924	0.039614439346426
